nazev,obor,seniorita,kraj,uvazek,rezim,bonus,mzda_rozsah,mzda_pozn,uvod,proc_mluvit,naplne,must,vyhoda,nabizime,cta,stav,datum_zverejneni,platnost_do
Programátor robotů,auto,spec,Plzeňský kraj,FULL_TIME,onsite,,,,,,,,,,,vystaveno,,
Logistics Coordinator,logistika,spec,Praha,FULL_TIME,onsite,,,,,,,,,,,vystaveno,,
Vedoucí výroby,vyroba,man,Plzeňský kraj,FULL_TIME,onsite,,,,,,,,,,,vystaveno + highlight,,
Obchodní manažer – technická řešení (B2B),obchod,man,Olomoucký kraj,FULL_TIME,onsite,,,,,,,,,,,vystaveno + highlight,,
Manažer CNC výroby – strategická role,vyroba,man,Liberecký kraj,FULL_TIME,onsite,,,,,,,,,,,vystaveno,,
CNC specialista – CAM + výroba,vyroba,spec,Liberecký kraj,FULL_TIME,onsite,,,,,,,,,,,vystaveno,,
CNC Programátor / Specialista,vyroba,spec,Liberecký kraj,FULL_TIME,onsite,,,,,,,,,,,vystaveno,,
Finanční Controller,finance,spec,Liberecký kraj,FULL_TIME,onsite,,,,,,,,,,,vystaveno,,
Project Financial Controller,finance,spec,Liberecký kraj,FULL_TIME,onsite,,,,,,,,,,,vystaveno,,
Vedoucí týmu,vyroba,man,Vysočina,FULL_TIME,onsite,,,,,,,,,,,vystaveno,,
Seřizovač,vyroba,spec,Vysočina,FULL_TIME,onsite,,,,,,,,,,,vystaveno,,
Talent Acquisition Specialist (specialisté & management),hr,spec,Královéhradecký kraj,FULL_TIME,onsite,,,,,,,,,,,vystaveno,,
Specialista zařízení,servis,spec,Praha / Středočeský kraj,FULL_TIME,onsite,,,,,,,,,,,vystaveno,,
Specialista údržby výrobních linek a zařízení,servis,spec,Plzeňský kraj,FULL_TIME,onsite,,,,,,,,,,,vystaveno,,
Vedoucí výrobního úseku,vyroba,man,Liberecký kraj,FULL_TIME,onsite,,,,,,,,,,,vystaveno,,
Analytik logistických procesů,logistika,spec,Praha,FULL_TIME,onsite,,,,,,,,,,,vystaveno,,
Vedoucí montáže,vyroba,man,Olomoucký kraj,FULL_TIME,onsite,,,,,,,,,,,vystaveno,,
PLC Specialista,auto,spec,Praha / Středočeský kraj,FULL_TIME,onsite,,,,,,,,,,,vystaveno + highlight,,
HR Partner pro mezinárodní prostředí,hr,spec,Praha / Středočeský kraj,FULL_TIME,onsite,,,,,,,,,,,vystaveno,,
Operations Manager | strategická výrobní role,vyroba,top,Jihomoravský kraj,FULL_TIME,onsite,,,,,,,,,,,vystaveno + highlight,,
Servisní specialista,servis,spec,Jihomoravský kraj,FULL_TIME,onsite,,,,,,,,,,,vystaveno,,
Technik údržby,servis,spec,Vysočina / Jihomoravský kraj,FULL_TIME,onsite,,,,,,,,,,,vystaveno,,
Specialista výrobních technologií,tech,spec,Vysočina / Jihomoravský kraj,FULL_TIME,onsite,,,,,,,,,,,vystaveno,,
People & HR Specialist,hr,spec,Vysočina / Jihomoravský kraj,FULL_TIME,onsite,,,,,,,,,,,vystaveno,,
Obchodně-technický ředitel,obchod,top,Jihomoravský kraj / Vysočina,FULL_TIME,onsite,,,,,,,,,,,vystaveno + highlight,,
Procesní manažer,vyroba,man,Vysočina / Jihomoravský kraj,FULL_TIME,onsite,,,,,,,,,,,vystaveno,,
Manažer technické a analytické laboratoře,kvalita,man,Celá ČR,FULL_TIME,onsite,,,,,,,,,,,vystaveno + highlight,,
Technolog,tech,spec,Plzeňský kraj,FULL_TIME,onsite,,,,,,,,,,,vystaveno + highlight,,
Service Manager,servis,man,Olomoucký kraj,FULL_TIME,onsite,,,,,,,,,,,vystaveno,,
International Talent Acquisition Partner,hr,spec,Praha / Středočeský kraj,FULL_TIME,onsite,,,,,,,,,,,vystaveno,,
Inženýr kvality,kvalita,spec,Vysočina / Jihomoravský kraj,FULL_TIME,onsite,,,,,,,,,,,vystaveno,,
Specialista údržby výrobních linek a zařízení,servis,spec,Královéhradecký kraj,FULL_TIME,onsite,,,,,,,,,,,vystaveno,,
CNC Programátor – špičková přesná výroba,vyroba,spec,Liberecký kraj,FULL_TIME,onsite,,,,,,,,,,,vystaveno,,
Sales Manager für Deutschland,obchod,man,Německo,FULL_TIME,onsite,,,,,,,,,,,vystaveno,,
Supplier Quality Engineer,kvalita,spec,Praha,FULL_TIME,onsite,,,,,,,,,,,vystaveno + highlight,,
Specialista technologie,tech,spec,Plzeňský kraj,FULL_TIME,onsite,,,,,,,,,,,vystaveno,,
Electrical Designer Senior/Junior,auto,spec,Praha,FULL_TIME,onsite,,,,,,,,,,,vystaveno,,
Project Procurement Manager,logistika,man,Celá ČR / Německo,FULL_TIME,onsite,,,,,,,,,,,vystaveno + highlight,,
Stavbyvedoucí,projekty,man,Celá ČR,FULL_TIME,onsite,,,,,,,,,,,vystaveno,,
Field Service & Site Manager,servis,man,Německo,FULL_TIME,onsite,,,,,,,,,,,vystaveno,,
Project Manager,projekty,man,Německo,FULL_TIME,onsite,,,,,,,,,,,vystaveno,,
Strojní zámečník,vyroba,spec,Plzeňský kraj,FULL_TIME,onsite,,,,,,,,,,,vystaveno,,
Process Engineer – Automatisation and Robotics,auto,spec,Vysočina,FULL_TIME,onsite,,,,,,,,,,,vystaveno,,
Zkušební technik,kvalita,spec,Praha / Středočeský kraj,FULL_TIME,onsite,,,,,,,,,,,vystaveno,,
Elektromechanik,auto,spec,Praha / Středočeský kraj,FULL_TIME,onsite,,,,,,,,,,,vystaveno,,
Servisní technik,servis,spec,Praha / Středočeský kraj,FULL_TIME,onsite,,,,,,,,,,,vystaveno,,
Seřizovač CNC strojů,vyroba,spec,Plzeňský kraj / Karlovarský kraj,FULL_TIME,onsite,,,,,,,,,,,vystaveno,,
Projektový manažer,projekty,man,Praha,FULL_TIME,onsite,,,,,,,,,,,vystaveno,,
Technolog,tech,spec,Plzeňský kraj,FULL_TIME,onsite,,,,,,,,,,,vystaveno,,
Seřizovač CNC soustruh/frézka,vyroba,spec,Praha,FULL_TIME,onsite,,,,,,,,,,,vystaveno,,
Dispečer/ka logistiky,logistika,spec,Praha,FULL_TIME,onsite,,,,,,,,,,,vystaveno,,
Project Manager (AJ + NJ),projekty,man,Praha,FULL_TIME,onsite,,,,,,,,,,,vystaveno,,
Technik údržby,servis,spec,Vysočina,FULL_TIME,onsite,50 000 Kč,,,,,,,,,,vystaveno,,
Seřizovač CNC soustruhu,vyroba,spec,Jihomoravský kraj,FULL_TIME,onsite,90 000 Kč,,,,,,,,,,vystaveno,,
Seřizovač CNC karuselu,vyroba,spec,Jihomoravský kraj,FULL_TIME,onsite,90 000 Kč,,,,,,,,,,vystaveno,,
Seřizovač CNC strojů,vyroba,spec,Praha,FULL_TIME,onsite,,,,,,,,,,,vystaveno,,
Strojní zámečník,vyroba,spec,Jihomoravský kraj,FULL_TIME,onsite,90 000 Kč,,,,,,,,,,vystaveno,,
Technik údržby,servis,spec,Vysočina,FULL_TIME,onsite,50 000 Kč,,,,,,,,,,vystaveno,,
Svářeč,vyroba,spec,Jihomoravský kraj,FULL_TIME,onsite,,,,,,,,,,,vystaveno,,
Electrical Designer,auto,spec,Praha,FULL_TIME,onsite,,,,,,,,,,,vystaveno,,
Electrical Engineer,auto,spec,Praha,FULL_TIME,onsite,,,,,,,,,,,vystaveno,,
Converter Engineer,auto,spec,Praha,FULL_TIME,onsite,,,,,,,,,,,vystaveno,,
CNC Frézař,vyroba,spec,Plzeňský kraj,FULL_TIME,onsite,,,,,,,,,,,vystaveno,,
Technolog,tech,spec,Praha,FULL_TIME,onsite,,,,,,,,,,,vystaveno,,
Servisní technik,servis,spec,Praha / Středočeský kraj,FULL_TIME,onsite,,,,,,,,,,,vystaveno,,
Testovací technik,kvalita,spec,Praha,FULL_TIME,onsite,,,,,,,,,,,vystaveno,,
Zkušební specialista,kvalita,spec,Praha,FULL_TIME,onsite,,,,,,,,,,,vystaveno,,
Vývojový konstruktér,tech,spec,Praha,FULL_TIME,onsite,,,,,,,,,,,vystaveno,,
Specialista elektroúdržby,servis,spec,Pardubický kraj,FULL_TIME,onsite,,,,,,,,,,,vystaveno,,
Manager vývojového a testovacího centra,tech,man,Vysočina,FULL_TIME,onsite,,,,,,,,,,,vystaveno,,
Electrical Designer,auto,spec,Praha,FULL_TIME,onsite,,,,,,,,,,,vystaveno,,
Frézař – CNC,vyroba,spec,Plzeňský kraj,FULL_TIME,onsite,,,,,,,,,,,vystaveno,,
Horizontkář CNC,vyroba,spec,Plzeňský kraj,FULL_TIME,onsite,,,,,,,,,,,vystaveno,,
Programátor CNC,vyroba,spec,Plzeňský kraj,FULL_TIME,onsite,,,,,,,,,,,vystaveno,,
Zkušební technik,kvalita,spec,Praha,FULL_TIME,onsite,,,,,,,,,,,vystaveno,,
Servisní technik,servis,spec,Praha / Středočeský kraj,FULL_TIME,onsite,,,,,,,,,,,vystaveno,,
